event_id,user_id,timestamp,event_type,url
f26f5621-02cb-43a6-b542-6616945d7bf9,48986,2024-12-13 00:00:30,end_session,https://myfrontsite.com/contact
cccd8c23-c642-40bf-8631-b90ca2db8cf0,37016,2024-12-13 00:00:37,in-page,https://myfrontsite.com/contact
15d5cbcf-dd07-4b83-8f5b-c7ad133e4c49,32549,2024-12-13 00:02:35,conversion,https://myfrontsite.com/home
e8dbb325-f65b-48ac-b063-890f6efe6eb1,62972,2024-12-13 00:03:59,in-page,https://myfrontsite.com/checkout
8ca1a4d6-8a79-4996-add5-6b00b4959744,38252,2024-12-13 00:04:17,conversion,https://myfrontsite.com/home
6ad59f7f-9019-4738-9c95-24cbf91dd0c3,22850,2024-12-13 00:05:45,in-page,https://myfrontsite.com/display-product/1
c8571677-e789-4cf5-9765-ac8efc5d8771,38252,2024-12-13 00:06:58,in-page,https://myfrontsite.com/home
68b6d296-6728-49be-b6f9-ad177a28bfb8,37016,2024-12-13 00:07:31,conversion,https://myfrontsite.com/display-product/2
1eb20ed7-950a-439f-847c-02a90cd6a003,68620,2024-12-13 00:07:33,end_session,https://myfrontsite.com/contact
3423dd6f-c9a4-40d1-b8e8-d04b14a2f378,31243,2024-12-13 00:09:27,conversion,https://myfrontsite.com/home
babed790-bef9-4c08-96dd-7d80126ed986,47732,2024-12-13 00:10:33,conversion,https://myfrontsite.com/display-product/1
d598538e-db8f-42f0-9beb-5fb01972abc8,66826,2024-12-13 00:11:32,in-page,https://myfrontsite.com/display-product/1
ff411e8b-f67d-402c-9b6c-31a7fb543171,19563,2024-12-13 00:11:55,conversion,https://myfrontsite.com/buy-product
2e7dcbad-6ac4-49d0-903f-ed30599fd965,19563,2024-12-13 00:12:51,in-page,https://myfrontsite.com/display-product/2
f5d61be2-7f51-4c69-84ce-107500cd1d9a,22850,2024-12-13 00:13:27,in-page,https://myfrontsite.com/checkout
95401b2a-6c2a-4239-a541-9d09f69c8a5e,48986,2024-12-13 00:14:59,conversion,https://myfrontsite.com/checkout
acdf5327-402b-469f-9da2-3eea24724bfb,65429,2024-12-13 00:16:37,conversion,https://myfrontsite.com/search-products
884eb254-ea61-41d6-9c33-b5c9a792e653,62972,2024-12-13 00:17:48,in-page,https://myfrontsite.com/checkout
833ac262-3a94-47d1-90fe-6a1c09ee091d,38252,2024-12-13 00:18:11,in-page,https://myfrontsite.com/search-products
c867c5a6-aa77-474e-a848-d03f63c87e3a,48986,2024-12-13 00:19:48,conversion,https://myfrontsite.com/display-product/2
e9c40165-a357-401d-baab-d5f5bc9ea5b4,48986,2024-12-13 00:20:29,in-page,https://myfrontsite.com/buy-product
60865fe9-ddd1-401a-a6c3-0c8958de6708,48986,2024-12-13 00:20:30,in-page,https://myfrontsite.com/contact
3f3218e0-8a28-4fe7-ad44-855129fb223d,32549,2024-12-13 00:21:01,conversion,https://myfrontsite.com/search-products
1cd22112-4ec5-4454-81d8-0f8f3419e3a9,47732,2024-12-13 00:22:35,in-page,https://myfrontsite.com/checkout
0212fbe3-4c60-4caa-a1cb-d0dd1a53a405,94405,2024-12-13 00:23:01,in-page,https://myfrontsite.com/buy-product
348f3680-8424-48b4-90f1-0dbfee579a06,65429,2024-12-13 00:24:48,conversion,https://myfrontsite.com/search-products
589cf0c4-f0f3-4c87-bcf0-105314d322e8,62972,2024-12-13 00:26:24,conversion,https://myfrontsite.com/buy-product
c5a6511e-8170-4289-b589-208169658aee,68620,2024-12-13 00:26:32,in-page,https://myfrontsite.com/buy-product
2bf62956-31af-4a85-9077-152a1afb98c9,15483,2024-12-13 00:27:09,conversion,https://myfrontsite.com/contact
71ecd442-da41-460e-90a9-668f87c665ce,65429,2024-12-13 00:28:35,conversion,https://myfrontsite.com/contact
80b5cb21-c36b-4e02-aa93-48f833456705,22850,2024-12-13 00:28:55,end_session,https://myfrontsite.com/display-product/1
01a11bf2-9814-40f0-9ee6-b3696872f1a2,48986,2024-12-13 00:28:58,conversion,https://myfrontsite.com/display-product/1
61d33ec6-78f8-4111-be01-6d3db095e612,37016,2024-12-13 00:30:27,in-page,https://myfrontsite.com/search-products
ad4081a0-11a1-4420-ac92-19819748521e,66826,2024-12-13 00:30:45,in-page,https://myfrontsite.com/display-product/2
999c69e9-331f-4809-bf64-c2ec21c5bd90,15483,2024-12-13 00:31:05,conversion,https://myfrontsite.com/display-product/1
3f6bcaed-60e2-416a-9011-c9db671c451b,61284,2024-12-13 00:31:10,conversion,https://myfrontsite.com/display-product/1
47c67d3b-49a2-457c-8aa6-7963e2607746,68620,2024-12-13 00:33:03,end_session,https://myfrontsite.com/search-products
1419d4f8-e98a-438c-bf9f-2a69bd84d597,65429,2024-12-13 00:34:47,in-page,https://myfrontsite.com/contact
d82e4f55-8430-4fbe-9536-67721b931479,16232,2024-12-13 00:35:25,conversion,https://myfrontsite.com/search-products
5a16f055-5774-4667-97d8-81338e0a8a58,22850,2024-12-13 00:37:09,start_session,https://myfrontsite.com/contact
1fd04f21-174f-4441-a05a-8531eb41223b,66826,2024-12-13 00:37:36,conversion,https://myfrontsite.com/home
c7533086-5515-42e8-8250-5132ce0615a1,30040,2024-12-13 00:37:42,in-page,https://myfrontsite.com/display-product/2
c39930ac-18b2-4a34-a60f-67760f9229d2,96346,2024-12-13 00:39:10,in-page,https://myfrontsite.com/contact
6eb519c0-85ee-4ffa-9cf2-547ea379e464,48986,2024-12-13 00:39:45,start_session,https://myfrontsite.com/home
309dd190-a611-465c-a8ff-02bc7e837e3f,19563,2024-12-13 00:40:09,conversion,https://myfrontsite.com/search-products
2f30f58c-f26a-4bf0-aadc-e08506b2892f,32549,2024-12-13 00:40:38,conversion,https://myfrontsite.com/search-products
ff35b091-f29e-48b3-acff-0fd86fcd0669,19563,2024-12-13 00:42:10,end_session,https://myfrontsite.com/display-product/1
3406379c-5bff-4876-9443-80b8bdc6244d,47732,2024-12-13 00:43:01,in-page,https://myfrontsite.com/contact
16b43cea-9700-4b13-8591-0a0ae54b350a,86713,2024-12-13 00:43:29,conversion,https://myfrontsite.com/display-product/1
09173090-c4a1-4fb9-9d7a-9b663f767b28,32549,2024-12-13 00:43:45,conversion,https://myfrontsite.com/home
a3c6dadf-9ed8-4d10-9a25-0ea2e634df47,96346,2024-12-13 00:44:30,in-page,https://myfrontsite.com/search-products
79e3c7c3-97fb-4f34-8d7b-6a34c2fdc33f,47732,2024-12-13 00:46:06,in-page,https://myfrontsite.com/buy-product
693ef0ae-e3be-47a8-9670-7e14b7c65f7b,62972,2024-12-13 00:47:29,in-page,https://myfrontsite.com/display-product/1
6f93373f-78c9-4bf9-804f-c1fe8352a227,86713,2024-12-13 00:49:12,conversion,https://myfrontsite.com/home
718cac54-6e2a-43eb-a665-f18a3e931b53,37016,2024-12-13 00:50:46,in-page,https://myfrontsite.com/checkout
e88bdbbb-3279-4450-9fc6-0003c261b8af,15483,2024-12-13 00:50:57,end_session,https://myfrontsite.com/display-product/2
5d02bf49-d85c-45f0-b3aa-e12bb86750c5,19563,2024-12-13 00:51:21,in-page,https://myfrontsite.com/display-product/2
77490113-1200-4e2b-8ff9-9f656f753526,68620,2024-12-13 00:51:40,in-page,https://myfrontsite.com/display-product/2
f493e019-e530-439a-a0c6-4c18bfb9af9e,65429,2024-12-13 00:53:16,in-page,https://myfrontsite.com/search-products
33a384bc-6fe2-4c75-800c-5e2fbcc15301,22850,2024-12-13 00:53:34,conversion,https://myfrontsite.com/home
1671ec12-e99d-4cb4-a543-4a637f2c1978,65429,2024-12-13 00:53:56,in-page,https://myfrontsite.com/buy-product
3ef6d609-ab81-4ad9-b47b-5e39e7646ec6,32549,2024-12-13 00:54:35,conversion,https://myfrontsite.com/checkout
d79cc876-1482-4a3c-936b-499d12de7fa9,62972,2024-12-13 00:54:41,in-page,https://myfrontsite.com/buy-product
81070106-fcdb-4463-bd0f-808d9ade79cd,30040,2024-12-13 00:55:37,in-page,https://myfrontsite.com/home
0b29bc9b-3830-4125-8ce4-ea0daac5d4b5,47732,2024-12-13 00:55:50,in-page,https://myfrontsite.com/buy-product
08d4ff1a-be09-4ec8-904a-85b0aef1d58f,31243,2024-12-13 00:57:41,start_session,https://myfrontsite.com/buy-product
35b01dbd-8c6d-4f86-a4a2-0b625839664d,31243,2024-12-13 00:59:10,end_session,https://myfrontsite.com/buy-product
ff325d0c-a89a-4892-b496-e17814a66286,15483,2024-12-13 01:00:58,start_session,https://myfrontsite.com/display-product/2
a1b5bb6c-9231-44bd-817a-b0aa8148bf89,32549,2024-12-13 01:01:08,conversion,https://myfrontsite.com/display-product/2
9dd4de6e-4d1a-40e1-97c7-0e82479fb0c1,30040,2024-12-13 01:01:20,in-page,https://myfrontsite.com/display-product/1
c2f4b3dd-4917-4287-8430-f958abe41199,92512,2024-12-13 01:02:59,conversion,https://myfrontsite.com/search-products
c5d00680-e28e-4752-97e0-60da0b3cd157,86713,2024-12-13 01:03:58,in-page,https://myfrontsite.com/contact
86dc2dbf-7db0-4502-a4a4-affbb52a23a1,62972,2024-12-13 01:05:39,in-page,https://myfrontsite.com/search-products
4c0c85d2-c8f9-4373-9a11-09a41b1de0ab,22850,2024-12-13 01:07:22,in-page,https://myfrontsite.com/checkout
5c7b990f-06ab-4bbe-a7bb-e4133fb3f558,94405,2024-12-13 01:08:05,in-page,https://myfrontsite.com/search-products
42c0f207-0105-4a3c-88af-d0e4acf28bf0,86713,2024-12-13 01:08:49,in-page,https://myfrontsite.com/display-product/2
422bc304-4900-4944-b217-e19b7d95a352,48986,2024-12-13 01:09:03,conversion,https://myfrontsite.com/search-products
10a7d8bf-0fa3-4009-a255-f7915fde0b0f,96346,2024-12-13 01:10:25,in-page,https://myfrontsite.com/display-product/1
c12aa39f-9fae-4fdc-a993-ff911becd122,61284,2024-12-13 01:10:31,conversion,https://myfrontsite.com/checkout
8ab888e1-d637-4b76-9915-a88241a32fd6,62972,2024-12-13 01:10:58,conversion,https://myfrontsite.com/home
53be526f-e315-4f0d-98fc-ee7166275967,96346,2024-12-13 01:12:16,conversion,https://myfrontsite.com/display-product/2
32ccb64f-c523-4ccc-b024-cfd9ce292cf5,19563,2024-12-13 01:13:07,conversion,https://myfrontsite.com/search-products
a6bd16a8-9210-49e6-8a84-4b1844072da9,68620,2024-12-13 01:14:34,conversion,https://myfrontsite.com/buy-product
a7d6f5e2-3d13-4af5-9b12-3dcb17cb0ef1,66826,2024-12-13 01:15:49,conversion,https://myfrontsite.com/display-product/1
45f67bed-27db-4dc7-846b-3fa164c16bbb,15483,2024-12-13 01:16:03,end_session,https://myfrontsite.com/display-product/2
a4322531-95d3-4959-a8e8-29fc2dc1b5d2,61284,2024-12-13 01:18:00,in-page,https://myfrontsite.com/search-products
3c1e4b2b-d83a-463f-8fb5-c48225fb7bd3,96346,2024-12-13 01:18:20,conversion,https://myfrontsite.com/buy-product
8ead1ff0-9ef7-4bf3-bebd-1f6495c1ee49,31243,2024-12-13 01:19:00,in-page,https://myfrontsite.com/display-product/2
1574d680-78c5-4f2d-b3f4-62e042a3eea7,61284,2024-12-13 01:20:29,start_session,https://myfrontsite.com/display-product/1
e014f1d9-a5fb-4d8e-a0a7-92a0498811e5,66826,2024-12-13 01:20:55,conversion,https://myfrontsite.com/contact
9b441ad2-2347-4c94-b89b-fe48f746f537,19563,2024-12-13 01:21:49,in-page,https://myfrontsite.com/home
790396bb-42ab-4739-af58-404fb7ab17f7,22850,2024-12-13 01:23:09,in-page,https://myfrontsite.com/search-products
b4d1142b-bc31-4788-95c5-d63a25a558de,62972,2024-12-13 01:24:40,in-page,https://myfrontsite.com/search-products
4c389bff-131e-4153-8ebc-70cef372af64,15483,2024-12-13 01:25:04,in-page,https://myfrontsite.com/home
bb45fa65-5887-466c-98cc-618776efb405,30040,2024-12-13 01:25:56,conversion,https://myfrontsite.com/contact
d6e117c2-3243-444a-a118-8f63a10ffd00,19563,2024-12-13 01:27:08,in-page,https://myfrontsite.com/checkout
8d22da40-1cc7-4fed-8a9e-917f9e5a678e,47732,2024-12-13 01:27:48,conversion,https://myfrontsite.com/display-product/2
eae20e61-d290-407e-a9fa-87285d82f9ee,19563,2024-12-13 01:29:43,in-page,https://myfrontsite.com/checkout
8fd85009-5830-4559-8a8f-493d4c318da5,38252,2024-12-13 01:31:08,in-page,https://myfrontsite.com/display-product/1
bbebc4ab-c417-4a54-a6bf-14f7dd855563,96346,2024-12-13 01:31:35,in-page,https://myfrontsite.com/contact
67cbdbbd-23d7-4f24-b205-b0642c3e98f6,38252,2024-12-13 01:32:02,conversion,https://myfrontsite.com/home
4ed073b2-8e1d-48f2-849f-9eb5f60fa953,65429,2024-12-13 01:32:39,in-page,https://myfrontsite.com/display-product/2
2a627d99-1b40-4d60-8f79-2e52842108ef,31243,2024-12-13 01:34:31,start_session,https://myfrontsite.com/checkout
ad668d06-dc21-4a9a-b196-e271a171795f,19563,2024-12-13 01:34:53,in-page,https://myfrontsite.com/home
4e14f9b2-f4ce-47ef-a9f0-939016724dfc,61284,2024-12-13 01:35:23,start_session,https://myfrontsite.com/search-products
eb067ee7-1c07-4dfa-bc3d-9ad25ed7e917,86713,2024-12-13 01:36:27,conversion,https://myfrontsite.com/home
4fdadfcf-c16b-4301-b5ed-e0fbd9b15a96,31243,2024-12-13 01:37:14,in-page,https://myfrontsite.com/display-product/1
4636f84a-4540-47f4-a834-194dde27570d,31243,2024-12-13 01:37:15,in-page,https://myfrontsite.com/search-products
a741f115-26f9-4375-9538-04b78954a7f0,92512,2024-12-13 01:37:28,in-page,https://myfrontsite.com/search-products
0bc2ba23-b29d-49bb-b2bd-efba29b56632,65429,2024-12-13 01:37:39,conversion,https://myfrontsite.com/display-product/1
238a3aa9-7a0b-49d7-9402-0559c4247a81,38252,2024-12-13 01:38:56,conversion,https://myfrontsite.com/display-product/1
909b9d18-6f07-4181-a4d6-54793c1327ba,37016,2024-12-13 01:40:21,conversion,https://myfrontsite.com/buy-product
34fccd6d-4245-40ef-be6b-bc7248436e5e,65429,2024-12-13 01:41:42,in-page,https://myfrontsite.com/home
3b8823dc-e2f3-457a-99f3-5708e579967a,30040,2024-12-13 01:43:26,conversion,https://myfrontsite.com/search-products
b7b5ab52-e920-4ec2-a229-aebcd7e7c5aa,16232,2024-12-13 01:44:03,conversion,https://myfrontsite.com/search-products
cc45a329-1f14-4502-ac12-f0cad377c63a,68620,2024-12-13 01:45:47,start_session,https://myfrontsite.com/display-product/2
0d2c714a-8543-48ea-ab04-225dc3c4ef3e,66826,2024-12-13 01:47:31,in-page,https://myfrontsite.com/display-product/1
e7fd263e-6079-4664-aa3f-df4c079e16cb,86713,2024-12-13 01:49:08,conversion,https://myfrontsite.com/display-product/2
5c496ab6-5ba4-40de-94fb-2942bd519581,15483,2024-12-13 01:50:51,in-page,https://myfrontsite.com/display-product/2
d3abe0f6-3931-4e59-882b-7c9c457b0dd9,61284,2024-12-13 01:51:22,conversion,https://myfrontsite.com/display-product/2
075043f4-6a0f-41c7-90bd-ec804e214c7a,66826,2024-12-13 01:52:28,end_session,https://myfrontsite.com/home
4fb9a32e-724a-4861-b68d-52317dd92a59,66826,2024-12-13 01:53:10,in-page,https://myfrontsite.com/contact
da90bd33-c854-4cd6-9fcf-d9fa8708583c,62972,2024-12-13 01:53:58,conversion,https://myfrontsite.com/home
912d4a47-1098-4043-90d5-fea72935d912,37016,2024-12-13 01:54:42,in-page,https://myfrontsite.com/search-products
68af70d1-634e-4ffe-9caa-22d8d67c8b87,66826,2024-12-13 01:55:02,conversion,https://myfrontsite.com/checkout
0329d522-7266-4a68-8b86-b129c7e95185,92512,2024-12-13 01:55:26,in-page,https://myfrontsite.com/display-product/2
4c2483be-197c-4067-8871-94713f8b0f00,47732,2024-12-13 01:55:51,in-page,https://myfrontsite.com/home
762a4282-795d-4dc8-a9e6-c4fb9d7ffcb9,61284,2024-12-13 01:57:11,in-page,https://myfrontsite.com/search-products
17fb043d-a923-4761-b35a-870dfb762567,15483,2024-12-13 01:58:05,in-page,https://myfrontsite.com/search-products
540f1aae-d8cc-40f5-bf93-e4663bdc297e,37016,2024-12-13 01:59:56,end_session,https://myfrontsite.com/home
72bad3f0-cae1-418a-8181-c66b56e042fd,66826,2024-12-13 02:01:43,conversion,https://myfrontsite.com/buy-product
212e7535-b6df-46c5-9c68-19fd50303d76,65429,2024-12-13 02:03:16,conversion,https://myfrontsite.com/search-products
222a2229-07bc-4f28-bf64-caf48bc0056d,22850,2024-12-13 02:05:10,in-page,https://myfrontsite.com/display-product/1
8f69fced-ce29-49cd-bbd9-ea4329fab02e,38252,2024-12-13 02:07:00,in-page,https://myfrontsite.com/home
d3060fce-c630-4d88-8054-c4120317b1b9,22850,2024-12-13 02:08:17,in-page,https://myfrontsite.com/display-product/2
62f10f13-95c7-43a2-b057-fe6b1f4b4774,68620,2024-12-13 02:08:26,conversion,https://myfrontsite.com/checkout
b5747c3a-cd2d-4626-8ae8-e0cd52321edb,86713,2024-12-13 02:09:27,end_session,https://myfrontsite.com/search-products
e7cacf8e-f926-4b4d-934b-d5e4224717bd,61284,2024-12-13 02:10:12,in-page,https://myfrontsite.com/buy-product
750d4105-0d78-4698-9ad6-6a54717ca85f,96346,2024-12-13 02:12:10,conversion,https://myfrontsite.com/display-product/2
d9dff050-2f95-48fc-98e0-a511bf7934bb,37016,2024-12-13 02:12:27,in-page,https://myfrontsite.com/display-product/1
91eb2d83-3435-49c9-a1b9-cf80eb777606,92512,2024-12-13 02:13:22,in-page,https://myfrontsite.com/display-product/2
27620046-399c-440f-8ed9-e095f49c5a4e,32549,2024-12-13 02:14:56,in-page,https://myfrontsite.com/checkout
553253a1-f317-4f8b-aea7-c5a7ad8dd64d,22850,2024-12-13 02:16:03,in-page,https://myfrontsite.com/home
2d914f5e-bc84-4837-ab53-014d39921b43,48986,2024-12-13 02:16:11,conversion,https://myfrontsite.com/contact
cc07fe43-99b9-4000-886f-e50c5c156d1f,37016,2024-12-13 02:16:47,start_session,https://myfrontsite.com/checkout
68d5c00d-baee-4441-96f6-cd25f423ef95,16232,2024-12-13 02:17:55,conversion,https://myfrontsite.com/checkout
ce041d81-b30b-4a24-ba0f-e148041d32bb,22850,2024-12-13 02:18:22,in-page,https://myfrontsite.com/display-product/2
e581fecd-8595-4247-a1f8-c03e4365c286,66826,2024-12-13 02:19:36,in-page,https://myfrontsite.com/display-product/2
b05d3f64-3d1b-4852-8d42-3e121d6b3a9a,22850,2024-12-13 02:20:08,end_session,https://myfrontsite.com/home
8dcc865a-7a34-4359-b285-409d7dca7295,68620,2024-12-13 02:21:56,conversion,https://myfrontsite.com/search-products
b9e5f8a9-37a8-43b1-b49c-94a8da845bf3,38252,2024-12-13 02:22:28,in-page,https://myfrontsite.com/display-product/2
ef83921e-0ca1-4b54-9b1e-f19931c2537f,61284,2024-12-13 02:23:02,conversion,https://myfrontsite.com/display-product/1
49a99ca9-026a-4e10-9077-1e286a2777f0,66826,2024-12-13 02:23:49,in-page,https://myfrontsite.com/buy-product
1ba18727-6e8c-43d6-a352-b5ab5bff9398,48986,2024-12-13 02:24:50,end_session,https://myfrontsite.com/display-product/2
842c7b42-5e79-4a7e-81f6-c7214e7d23a4,37016,2024-12-13 02:25:40,in-page,https://myfrontsite.com/contact
474ccefa-0501-441f-88aa-a93ed6ec745a,86713,2024-12-13 02:26:24,in-page,https://myfrontsite.com/display-product/1
f2547bad-fc2e-4be9-86d3-5b9adadfbe23,19563,2024-12-13 02:27:55,in-page,https://myfrontsite.com/display-product/2
709adeff-9bae-4f38-ae36-ac2428bb633c,61284,2024-12-13 02:29:02,conversion,https://myfrontsite.com/home
1b71badf-5f19-4693-bb7e-4144804bf67c,15483,2024-12-13 02:30:49,end_session,https://myfrontsite.com/search-products
3b4b7aa6-8da0-4d65-a96b-f05a32a73db8,68620,2024-12-13 02:31:19,start_session,https://myfrontsite.com/display-product/2
be052515-33ec-4206-8ddf-ddcfacf4fce2,22850,2024-12-13 02:32:02,in-page,https://myfrontsite.com/home
310968cb-871f-43c2-9d58-3a0d812efa08,66826,2024-12-13 02:33:42,conversion,https://myfrontsite.com/display-product/2
4e18a9ba-3c17-4fa4-b66c-78498ac72136,47732,2024-12-13 02:35:32,in-page,https://myfrontsite.com/buy-product
ae43f863-ef34-4710-b6a2-9d6dc5d52f6f,94405,2024-12-13 02:36:24,conversion,https://myfrontsite.com/display-product/1
5fed06f2-2039-45a1-8326-2a134e0bdfce,30040,2024-12-13 02:36:35,end_session,https://myfrontsite.com/checkout
d10c3c8c-3973-4bf7-818a-0cf4ad1ecdd7,61284,2024-12-13 02:37:19,start_session,https://myfrontsite.com/display-product/1
e5129cdc-72bb-4a52-a24a-9cbf2570a305,92512,2024-12-13 02:37:31,in-page,https://myfrontsite.com/home
a4bc1fea-e805-415b-b1ed-c38e94bb31c2,37016,2024-12-13 02:38:17,conversion,https://myfrontsite.com/checkout
ed6f00cd-9cf2-4d5c-9288-69b53f6e534e,19563,2024-12-13 02:39:22,in-page,https://myfrontsite.com/home
9fa50d9a-617d-49b4-acbd-1e753bf35583,62972,2024-12-13 02:39:50,conversion,https://myfrontsite.com/search-products
8089a418-c49b-47bf-be2a-62946980da14,30040,2024-12-13 02:40:36,start_session,https://myfrontsite.com/display-product/1
f5cb5d80-33db-480b-9b49-742c003bd338,94405,2024-12-13 02:41:00,conversion,https://myfrontsite.com/checkout
938384f3-f676-42cb-9dfb-29e77c073a02,32549,2024-12-13 02:41:34,conversion,https://myfrontsite.com/display-product/2
2f9118de-239c-468b-808e-ae382313504a,22850,2024-12-13 02:42:15,conversion,https://myfrontsite.com/home
4fe9f22e-255d-499a-993c-2cab0df1ea65,62972,2024-12-13 02:42:34,conversion,https://myfrontsite.com/search-products
186703f9-a14a-4ebf-a806-48ae24ff1fea,47732,2024-12-13 02:42:56,conversion,https://myfrontsite.com/display-product/1
2a3f36ce-f0d2-47e5-a60d-70fbb8e373a2,86713,2024-12-13 02:44:29,in-page,https://myfrontsite.com/checkout
35927832-9ead-43ce-a61d-3e998989015b,62972,2024-12-13 02:44:48,conversion,https://myfrontsite.com/buy-product
4ca7e8b4-1046-4028-b6e7-6e5a0296cfee,32549,2024-12-13 02:46:45,in-page,https://myfrontsite.com/checkout
5807d092-d429-4261-ae98-dee51ee9838a,16232,2024-12-13 02:48:19,conversion,https://myfrontsite.com/display-product/2
0373240a-ce7a-41cc-9ded-b355cb7cda86,68620,2024-12-13 02:49:21,in-page,https://myfrontsite.com/checkout
0e1008f4-f4b2-4084-b018-b818527a05b2,48986,2024-12-13 02:50:52,conversion,https://myfrontsite.com/display-product/2
96c61e4b-836a-443b-b1ba-5caa2f02470e,48986,2024-12-13 02:52:31,end_session,https://myfrontsite.com/buy-product
75d68457-0d9c-4a7c-b137-e39f46d9e0bb,37016,2024-12-13 02:53:47,conversion,https://myfrontsite.com/checkout
a55d26d9-d07c-4844-b15d-3c69a2a82bf2,32549,2024-12-13 02:55:41,in-page,https://myfrontsite.com/buy-product
0c69f1b8-6294-4823-8292-97d2e6d30dca,16232,2024-12-13 02:56:34,conversion,https://myfrontsite.com/search-products
f7de53d2-4248-453d-8098-3ee19adeabb8,30040,2024-12-13 02:57:28,start_session,https://myfrontsite.com/home
f339b4db-fd34-4fa4-8e93-014f98c25730,32549,2024-12-13 02:58:47,end_session,https://myfrontsite.com/buy-product
c0d5bb63-2681-40a1-a73a-2885d1757c92,19563,2024-12-13 03:00:02,in-page,https://myfrontsite.com/search-products
a826382a-19a3-43c9-a825-dd8083c18458,96346,2024-12-13 03:00:10,conversion,https://myfrontsite.com/buy-product
afb565eb-c2aa-404b-aa57-d148421456c4,38252,2024-12-13 03:00:18,conversion,https://myfrontsite.com/checkout
ba009ec0-c1da-46fb-9aa2-8508e807d85a,48986,2024-12-13 03:01:01,start_session,https://myfrontsite.com/contact
85221b74-766c-461f-ae74-7be0503f343a,30040,2024-12-13 03:01:50,end_session,https://myfrontsite.com/checkout
0677b39a-2983-4720-8207-c9a776d8eb0b,65429,2024-12-13 03:02:31,end_session,https://myfrontsite.com/home
6c90df81-1cce-490c-9b90-9fc7cbe458af,68620,2024-12-13 03:02:43,start_session,https://myfrontsite.com/display-product/2
b9fc0985-72a3-40fb-a003-2786960254b5,30040,2024-12-13 03:03:31,conversion,https://myfrontsite.com/display-product/2
d5c5e810-8956-48c6-aad2-a9f02946afc5,92512,2024-12-13 03:04:59,in-page,https://myfrontsite.com/checkout
bf00afdc-5846-4c66-9e07-f8ba40fc0194,86713,2024-12-13 03:05:02,conversion,https://myfrontsite.com/home
08cc6d8f-f332-4c85-b51c-be4a9965ecf9,31243,2024-12-13 03:06:58,in-page,https://myfrontsite.com/home
0bb0a658-5c48-4875-aed2-07f7fb1e48f4,62972,2024-12-13 03:07:05,end_session,https://myfrontsite.com/display-product/1
aa5db059-6a14-4a1e-87f6-b565b974fab9,65429,2024-12-13 03:08:36,in-page,https://myfrontsite.com/display-product/2
724ff12d-2685-48e9-9c1f-158f2e08cb6c,31243,2024-12-13 03:09:50,conversion,https://myfrontsite.com/contact
7969fa94-367f-4e53-90f3-23aef3b21f5c,19563,2024-12-13 03:11:49,in-page,https://myfrontsite.com/display-product/1
0c1fb61a-230a-40e7-a7ad-cf73da3ec188,37016,2024-12-13 03:13:47,in-page,https://myfrontsite.com/contact
9e396409-8105-4d07-b2f2-aa820800139b,65429,2024-12-13 03:14:11,in-page,https://myfrontsite.com/search-products
9b84ae4c-f0ab-4366-b39a-3af65e6e5ae3,94405,2024-12-13 03:14:13,in-page,https://myfrontsite.com/display-product/1
72cad57e-9a77-43d7-aa83-f35d3be1f599,48986,2024-12-13 03:14:34,in-page,https://myfrontsite.com/contact
ff0ab1b2-1756-4588-9e7b-ed5b260e26dc,65429,2024-12-13 03:15:26,conversion,https://myfrontsite.com/checkout
a4600be3-21c7-4f88-9243-daddd605ac9d,68620,2024-12-13 03:16:38,end_session,https://myfrontsite.com/contact
0bc3f6d1-8af7-4c75-a9a3-0b91f53ffefd,94405,2024-12-13 03:18:23,conversion,https://myfrontsite.com/checkout
e962a94a-d683-4a2c-b4fe-f6e3d71ed6a7,31243,2024-12-13 03:18:31,in-page,https://myfrontsite.com/display-product/2
7f198990-aeac-412d-8998-3b7c1a0e97b1,31243,2024-12-13 03:20:13,in-page,https://myfrontsite.com/home
bc8059e4-eb31-49ed-9a28-34f43befb5b8,94405,2024-12-13 03:22:08,in-page,https://myfrontsite.com/home
8b7d9942-708f-4a07-94d3-382c0d5a25ea,86713,2024-12-13 03:24:00,in-page,https://myfrontsite.com/search-products
410575a9-ab0b-4f43-aa11-d4b9d7b93384,65429,2024-12-13 03:25:37,start_session,https://myfrontsite.com/buy-product
1fb7447c-ce56-4896-a36c-bc3db124d22b,30040,2024-12-13 03:26:40,conversion,https://myfrontsite.com/display-product/2
5353dc96-4d93-4460-a987-d5ffb5a0ecf7,92512,2024-12-13 03:27:35,start_session,https://myfrontsite.com/contact
431bd078-4da6-4366-8e80-3041596ada6c,22850,2024-12-13 03:29:31,conversion,https://myfrontsite.com/home
6ba59807-9377-4dd2-8ee5-91b895f02e76,37016,2024-12-13 03:31:00,end_session,https://myfrontsite.com/contact
55cacf75-3432-4d49-b479-fe6622508de1,94405,2024-12-13 03:31:11,in-page,https://myfrontsite.com/search-products
7a5746da-77a7-482b-90fc-62c6f631aeff,19563,2024-12-13 03:32:37,conversion,https://myfrontsite.com/display-product/2
744dee6c-6332-484d-bc2e-ed857b6287c8,38252,2024-12-13 03:32:48,in-page,https://myfrontsite.com/search-products
f279d526-7598-4daa-b647-28621de72280,32549,2024-12-13 03:33:13,conversion,https://myfrontsite.com/search-products
9d32f82c-69c2-4f88-9722-bd9f21713aa3,32549,2024-12-13 03:34:10,in-page,https://myfrontsite.com/home
15b2814e-777a-408d-ad8e-4ba4a82ef3ee,19563,2024-12-13 03:35:32,in-page,https://myfrontsite.com/buy-product
e0e1a53c-a7a6-44c8-8144-2529bd4b42dc,48986,2024-12-13 03:37:29,in-page,https://myfrontsite.com/contact
b3b49352-1b5e-4a52-849b-654ab817b66b,16232,2024-12-13 03:38:33,conversion,https://myfrontsite.com/contact
29ba3556-2ef9-43ad-a074-30a58bebdf68,47732,2024-12-13 03:39:31,in-page,https://myfrontsite.com/home
e4a1621d-e991-443c-8a82-f2f15b1cb0c6,96346,2024-12-13 03:40:44,conversion,https://myfrontsite.com/display-product/2
618b84b7-c4d5-44e8-96dc-d1ac605262b9,30040,2024-12-13 03:42:19,in-page,https://myfrontsite.com/display-product/2
b6a6ee65-73a2-4d3b-ba43-113b0d84a904,22850,2024-12-13 03:43:46,conversion,https://myfrontsite.com/contact
1b9fdda2-0ee8-4fb2-a7a2-10f6bf8f47f6,61284,2024-12-13 03:44:35,conversion,https://myfrontsite.com/buy-product
779acafa-5fc4-4c91-8438-f390a43790e9,15483,2024-12-13 03:45:11,in-page,https://myfrontsite.com/buy-product
9fc721ea-8b72-47f7-b5c3-e9d4c61f221d,38252,2024-12-13 03:47:10,in-page,https://myfrontsite.com/checkout
3288cf2c-4946-4f4a-9d01-3954346551fa,66826,2024-12-13 03:49:02,conversion,https://myfrontsite.com/checkout
3e2c17c4-2518-45bc-82c5-ed05872ca5a9,38252,2024-12-13 03:50:03,conversion,https://myfrontsite.com/home
f6210c46-b817-42d0-a019-023129f6d8b4,65429,2024-12-13 03:50:37,in-page,https://myfrontsite.com/contact
b9c81d19-cfed-4a52-90c7-ac3061961a9f,37016,2024-12-13 03:50:52,conversion,https://myfrontsite.com/checkout
b07fc340-ac0d-4211-bc9b-322879ac63a8,15483,2024-12-13 03:52:25,in-page,https://myfrontsite.com/checkout
ad2eb73c-f592-486d-bd12-689f9c1f2eca,48986,2024-12-13 03:52:59,in-page,https://myfrontsite.com/buy-product
27e8d508-5e9a-4c02-b2cf-abd9ffc9515d,92512,2024-12-13 03:53:29,end_session,https://myfrontsite.com/home
2ea4a846-4c20-4304-969f-88abe0d40708,61284,2024-12-13 03:55:01,conversion,https://myfrontsite.com/home
c809ab05-951d-455d-9696-6b72bad1e661,22850,2024-12-13 03:56:42,conversion,https://myfrontsite.com/home
0c5186db-9e59-4f13-aa76-624ced120a78,38252,2024-12-13 03:58:35,in-page,https://myfrontsite.com/buy-product
5167f1f9-2603-4fab-b19e-c8e1eb6e5ac8,61284,2024-12-13 03:59:29,in-page,https://myfrontsite.com/display-product/1
a097bcb0-d761-4093-9a98-e63d1e5faf2b,19563,2024-12-13 04:00:25,conversion,https://myfrontsite.com/display-product/2
a01f79ad-4a5a-4f5d-923e-771101ca80e7,66826,2024-12-13 04:01:35,conversion,https://myfrontsite.com/display-product/1
8079fef5-e8e1-4b21-a608-66aa96dc0748,68620,2024-12-13 04:03:12,in-page,https://myfrontsite.com/display-product/1
6df439a9-0b65-470b-b1f1-5189668adf2a,16232,2024-12-13 04:04:39,in-page,https://myfrontsite.com/buy-product
d02d16a4-0d60-471e-b653-273cbe4725ff,65429,2024-12-13 04:06:04,in-page,https://myfrontsite.com/checkout
fb2ce982-6f47-4410-8a64-60915614d802,15483,2024-12-13 04:07:50,in-page,https://myfrontsite.com/checkout
76660cbb-22ac-4162-b674-ae93ce059609,68620,2024-12-13 04:08:11,conversion,https://myfrontsite.com/search-products
56a647ca-44db-4f03-a1f9-7fb06aed7e80,31243,2024-12-13 04:09:09,start_session,https://myfrontsite.com/search-products
e5e8c17f-bd22-4ffd-9871-72efce44da9e,94405,2024-12-13 04:10:43,in-page,https://myfrontsite.com/display-product/2
fa62098f-b1de-47a8-8979-b5b76b3abe41,62972,2024-12-13 04:11:56,end_session,https://myfrontsite.com/search-products
41679327-4990-41d2-b2fc-4913d8a5fbbb,47732,2024-12-13 04:12:28,conversion,https://myfrontsite.com/checkout
5ff79f19-68e2-4181-a33c-9417fb5034ac,68620,2024-12-13 04:12:41,end_session,https://myfrontsite.com/contact
d434ff79-3855-408e-8109-827c1763a1c9,96346,2024-12-13 04:13:13,end_session,https://myfrontsite.com/search-products
34eeed0e-0621-47f4-ad5d-c3e3147363c8,22850,2024-12-13 04:13:47,in-page,https://myfrontsite.com/display-product/1
6a76f2cb-57b4-4aeb-aeac-a6ac93fb9778,37016,2024-12-13 04:15:40,conversion,https://myfrontsite.com/search-products
56cd5d87-6392-4bfe-a190-f5de97a6f997,61284,2024-12-13 04:16:18,conversion,https://myfrontsite.com/display-product/2
9a88fa95-b02e-4ce9-9b41-b644107e4c16,47732,2024-12-13 04:17:03,conversion,https://myfrontsite.com/buy-product
2ee6ed81-1d87-4aee-9be2-68178a8ec346,32549,2024-12-13 04:18:10,end_session,https://myfrontsite.com/search-products
6b88a260-ba14-4b7a-b573-76e5e8e864fd,47732,2024-12-13 04:19:54,conversion,https://myfrontsite.com/contact
036eefa7-6c19-4ec7-be11-be253d77cbf5,86713,2024-12-13 04:21:08,conversion,https://myfrontsite.com/display-product/2
366714bf-8b06-469a-bd6e-a652737507c8,19563,2024-12-13 04:21:20,conversion,https://myfrontsite.com/checkout
aad1805e-6214-4dff-8492-8138eadd353e,48986,2024-12-13 04:21:23,conversion,https://myfrontsite.com/contact
9b3a198c-20f2-4d31-ba31-1579ae5ad87c,68620,2024-12-13 04:23:22,in-page,https://myfrontsite.com/search-products
2ce59579-136b-4f92-895e-36bce5643d39,68620,2024-12-13 04:24:14,conversion,https://myfrontsite.com/display-product/2
7088a9c7-a60b-4484-b4de-811492330be6,94405,2024-12-13 04:26:07,in-page,https://myfrontsite.com/search-products
a44766bf-9293-4d0d-a9b7-7f9e6b3b85e7,16232,2024-12-13 04:27:15,in-page,https://myfrontsite.com/contact
d81045dd-7b83-43c0-8e9e-a2892e3d2dd2,65429,2024-12-13 04:28:43,in-page,https://myfrontsite.com/buy-product
1d65352b-c1af-4ba1-96f0-d1715f275d2a,31243,2024-12-13 04:28:52,start_session,https://myfrontsite.com/checkout
954c88fd-2117-4855-b65d-a52676b2a0cd,61284,2024-12-13 04:30:00,conversion,https://myfrontsite.com/search-products
23fcf811-af82-4286-aead-a6547050cc20,68620,2024-12-13 04:31:38,in-page,https://myfrontsite.com/checkout
46c95919-e475-4406-9f80-27cb73a8c806,31243,2024-12-13 04:32:35,conversion,https://myfrontsite.com/buy-product
1b428560-25f9-484c-8e48-b1d3c42a3d11,66826,2024-12-13 04:32:37,in-page,https://myfrontsite.com/buy-product
0422500e-691e-4846-9697-e2b3a027a676,32549,2024-12-13 04:33:24,in-page,https://myfrontsite.com/buy-product
5d43a46c-7a05-4adb-af71-354362b98235,68620,2024-12-13 04:33:56,end_session,https://myfrontsite.com/buy-product
87582c5b-045c-4533-8204-cb52491129e5,61284,2024-12-13 04:35:50,in-page,https://myfrontsite.com/display-product/1
05a54c69-d5e9-4b30-96a2-86b5fdfbe7d6,19563,2024-12-13 04:36:32,conversion,https://myfrontsite.com/search-products
4b460960-22f3-49f3-b65a-01b2074d3df6,32549,2024-12-13 04:38:32,conversion,https://myfrontsite.com/home
73ddeb55-f179-4f80-a1a0-04491e5b6286,48986,2024-12-13 04:39:13,end_session,https://myfrontsite.com/contact
b36ab6e5-b365-4d4d-a31c-043ecc5ae6d2,47732,2024-12-13 04:40:12,in-page,https://myfrontsite.com/checkout
b6008878-cf1f-4cb1-b8fc-8f9abbf6c056,61284,2024-12-13 04:41:35,conversion,https://myfrontsite.com/buy-product
0645d662-58f5-4402-8902-d45816d89903,22850,2024-12-13 04:42:22,start_session,https://myfrontsite.com/buy-product
804325be-50f8-4bb9-b3f8-bd4cb78738ab,62972,2024-12-13 04:42:32,in-page,https://myfrontsite.com/contact
0a442f34-98a5-498b-8d7d-5f3476beba4a,38252,2024-12-13 04:44:20,in-page,https://myfrontsite.com/buy-product
077f01a9-0594-4045-858e-fdbf41c44e7f,96346,2024-12-13 04:45:10,in-page,https://myfrontsite.com/checkout
9a59b260-dfaa-42a5-a1d5-cee940a15bb5,92512,2024-12-13 04:45:32,in-page,https://myfrontsite.com/buy-product
2e8270e2-fc1c-4be4-a540-07e99bc5c17c,94405,2024-12-13 04:45:39,in-page,https://myfrontsite.com/contact
2561ad30-79e4-4b2b-91ce-8dfaa6beb9fb,65429,2024-12-13 04:46:06,in-page,https://myfrontsite.com/display-product/1
44909afd-c421-4d52-a5ff-2c0d8944782f,96346,2024-12-13 04:46:14,in-page,https://myfrontsite.com/home
e24b87f0-cc1f-461e-8b95-e95684e2fff7,37016,2024-12-13 04:47:52,conversion,https://myfrontsite.com/checkout
909466f3-ca05-41fb-8155-fcbfcefee5c0,61284,2024-12-13 04:49:20,start_session,https://myfrontsite.com/search-products
4af6b7ad-ea43-4c41-ba93-76a434bfcdc5,96346,2024-12-13 04:49:55,in-page,https://myfrontsite.com/checkout
e6a274bf-a7fc-4e9d-89a8-31cf254683f0,94405,2024-12-13 04:51:20,conversion,https://myfrontsite.com/checkout
863b4430-bfa1-46db-9da6-9c68f5cd7fd3,15483,2024-12-13 04:52:02,conversion,https://myfrontsite.com/contact
be1039c6-e72c-41df-bd2e-691f5c6f5cd5,16232,2024-12-13 04:53:27,in-page,https://myfrontsite.com/contact
77e26770-9aa2-47ba-9118-20c7f85c689d,31243,2024-12-13 04:54:06,in-page,https://myfrontsite.com/checkout
0626afc2-2a91-4851-a48e-ebab2a5325cf,48986,2024-12-13 04:55:29,in-page,https://myfrontsite.com/display-product/2
4986b167-b2e4-4762-aed0-d1b76cbd3f30,37016,2024-12-13 04:56:26,conversion,https://myfrontsite.com/display-product/1
f247a45a-4f3d-4d43-b45e-4d51132a3ece,19563,2024-12-13 04:57:36,in-page,https://myfrontsite.com/display-product/1
d4de5521-a263-4736-8dfe-67e0b0322236,32549,2024-12-13 04:57:50,in-page,https://myfrontsite.com/display-product/2
1479469e-a43e-4927-93fd-a1291200fbc4,68620,2024-12-13 04:59:23,in-page,https://myfrontsite.com/display-product/2
3f30eb59-d9ad-4dc3-8094-3e7ecf688400,48986,2024-12-13 04:59:26,conversion,https://myfrontsite.com/search-products
98681dad-996f-4c2f-86df-a5f738853327,66826,2024-12-13 05:00:40,end_session,https://myfrontsite.com/search-products
c1f9488b-0db0-4e6f-b557-3dd7e4d7dc63,96346,2024-12-13 05:01:20,in-page,https://myfrontsite.com/checkout
8c0d0cca-8ae0-4f34-8c25-f53909f80f65,22850,2024-12-13 05:02:35,conversion,https://myfrontsite.com/display-product/2
73a40626-5dbc-476c-a7eb-81c5d57a6feb,66826,2024-12-13 05:03:40,in-page,https://myfrontsite.com/buy-product
9933a66c-6244-4cc8-8fb6-9d5b34ac65f2,92512,2024-12-13 05:04:48,end_session,https://myfrontsite.com/display-product/1
82ab91b0-7145-48f9-8f03-9a26ed49b75a,65429,2024-12-13 05:06:12,conversion,https://myfrontsite.com/contact
6965eac1-6cc7-4a93-ae9f-a33cd1d70701,61284,2024-12-13 05:06:51,start_session,https://myfrontsite.com/home
0200ee1b-67bf-4ec0-836d-ea3fc7610d4e,68620,2024-12-13 05:08:30,end_session,https://myfrontsite.com/home
473edb53-dd60-4e3a-9c52-8f09cb3b8bfd,65429,2024-12-13 05:09:48,conversion,https://myfrontsite.com/home
51d68f37-fec6-470f-843a-f3879b7f5462,48986,2024-12-13 05:09:57,conversion,https://myfrontsite.com/display-product/1
5b485b8d-3571-45cb-96ce-9a6f87b9fa01,65429,2024-12-13 05:11:50,in-page,https://myfrontsite.com/buy-product
086dd896-ea68-447c-99e4-bc979729c474,86713,2024-12-13 05:13:06,in-page,https://myfrontsite.com/display-product/2
60539002-2e60-4268-94c7-b370b3ce3911,47732,2024-12-13 05:14:29,start_session,https://myfrontsite.com/display-product/2
b0ca6cf5-2824-46d2-9195-ae1c727a0484,38252,2024-12-13 05:15:32,end_session,https://myfrontsite.com/display-product/2
f4f08dce-3895-4ca1-be58-89c91b9d842b,16232,2024-12-13 05:17:07,in-page,https://myfrontsite.com/buy-product
66a10889-705b-4033-a76e-2e164b5903db,31243,2024-12-13 05:18:35,conversion,https://myfrontsite.com/checkout
97c1b7ee-b601-48ef-8e8b-eb372389cb05,47732,2024-12-13 05:19:12,conversion,https://myfrontsite.com/display-product/2
40433a0d-a68c-4a30-b8a2-1da7a69d4e1d,68620,2024-12-13 05:20:36,in-page,https://myfrontsite.com/home
2a214fc6-a1b0-470f-86e6-54652fe93300,66826,2024-12-13 05:21:32,end_session,https://myfrontsite.com/checkout
c6b696ec-e768-4397-acae-853c6883cb34,68620,2024-12-13 05:22:36,conversion,https://myfrontsite.com/contact
157f8f61-0d2b-47e4-8bb5-363ea9941cc2,48986,2024-12-13 05:22:54,conversion,https://myfrontsite.com/display-product/1
a506647f-bef0-44e8-9cd6-d42997b1705f,92512,2024-12-13 05:22:55,in-page,https://myfrontsite.com/home
4c7adf26-efa4-47bc-89d9-564f28878f05,65429,2024-12-13 05:24:13,in-page,https://myfrontsite.com/search-products
b256d498-b4bd-4426-83ce-1e37556d1ddf,32549,2024-12-13 05:25:27,conversion,https://myfrontsite.com/display-product/2
caf86549-0507-457c-9a87-aa63c121b374,22850,2024-12-13 05:27:07,conversion,https://myfrontsite.com/buy-product
fe1937aa-9f6b-4b3b-9fac-9ae0fc8368b1,38252,2024-12-13 05:27:26,start_session,https://myfrontsite.com/checkout
96a1d7c7-679e-4734-b2f6-e0f8f39bb006,22850,2024-12-13 05:29:13,conversion,https://myfrontsite.com/buy-product
783ef7b0-e1a7-4f06-a1c7-c5bf6481d6ed,31243,2024-12-13 05:31:04,in-page,https://myfrontsite.com/display-product/2
dc26e828-e95b-470e-a7b2-ad02bbf199de,22850,2024-12-13 05:31:36,start_session,https://myfrontsite.com/contact
5c178ad3-0a4c-43c9-896f-016415b6e49d,37016,2024-12-13 05:32:31,conversion,https://myfrontsite.com/buy-product
461f37e0-c291-408d-a0ab-777652e2b319,66826,2024-12-13 05:32:32,conversion,https://myfrontsite.com/display-product/2
54d1a30a-4450-4ed3-92a2-afef1cd4375d,61284,2024-12-13 05:33:24,conversion,https://myfrontsite.com/display-product/1
f03dc8dc-d4e7-4855-a614-a216fcc0b0e9,15483,2024-12-13 05:35:20,start_session,https://myfrontsite.com/display-product/1
2b625170-f396-4c8b-97ad-52674cb6610c,48986,2024-12-13 05:36:36,end_session,https://myfrontsite.com/display-product/1
c1cd07f7-80ce-4d63-9032-ce2a36d09638,94405,2024-12-13 05:37:52,in-page,https://myfrontsite.com/buy-product
5ea98849-8b8a-460b-b1ca-83471f88b921,65429,2024-12-13 05:39:42,in-page,https://myfrontsite.com/display-product/1
071f59dc-4759-4fb1-be27-edce09074627,65429,2024-12-13 05:41:04,conversion,https://myfrontsite.com/search-products
178fed1c-10f8-4ccf-a140-3bb71aaa98fa,38252,2024-12-13 05:42:14,in-page,https://myfrontsite.com/buy-product
fe25a8cb-543f-4ee2-b98a-69d01d9a9e60,16232,2024-12-13 05:43:11,conversion,https://myfrontsite.com/search-products
c322a41c-3adc-456a-acfb-3c71a8d9a6f7,65429,2024-12-13 05:43:55,in-page,https://myfrontsite.com/home
dcc73b5a-7b60-4568-bed5-6850b874d99f,61284,2024-12-13 05:44:19,conversion,https://myfrontsite.com/display-product/2
c96e3d6e-a942-47a6-a5c1-fbf4542a0646,92512,2024-12-13 05:44:47,in-page,https://myfrontsite.com/display-product/1
27776a56-9177-4bc6-90d6-65399757aabe,86713,2024-12-13 05:46:10,conversion,https://myfrontsite.com/checkout
cf56cee0-79bb-4b2f-be6f-a301e529c8c2,19563,2024-12-13 05:46:33,in-page,https://myfrontsite.com/search-products
9e6578ac-2dca-421d-b2d9-69c65c190ce1,22850,2024-12-13 05:46:54,conversion,https://myfrontsite.com/search-products
b7fa77b3-5585-45df-9512-efecfa1919f0,19563,2024-12-13 05:48:27,in-page,https://myfrontsite.com/contact
81be7715-9abd-479f-91ec-79a12e98b42d,16232,2024-12-13 05:48:33,conversion,https://myfrontsite.com/display-product/2
31ff9849-12e3-4da1-9e37-d6a8b540a387,38252,2024-12-13 05:49:18,in-page,https://myfrontsite.com/buy-product
88eeddb9-d96a-4fff-be7a-f3ed1d1e2231,92512,2024-12-13 05:49:35,end_session,https://myfrontsite.com/home
504afa67-f579-4f7f-ae06-f8bdb5b048cc,47732,2024-12-13 05:50:39,conversion,https://myfrontsite.com/display-product/2
b3246231-cf9c-4b70-898b-849cab7744e3,68620,2024-12-13 05:51:03,in-page,https://myfrontsite.com/display-product/1
4f410500-770c-482d-af3f-90177a50fe0d,86713,2024-12-13 05:51:50,end_session,https://myfrontsite.com/home
d810e875-8dcd-4126-bf0b-5e8b2886e1e7,86713,2024-12-13 05:52:49,start_session,https://myfrontsite.com/display-product/2
cf164827-fe80-4999-9162-c4c93004a224,66826,2024-12-13 05:53:33,in-page,https://myfrontsite.com/search-products
6fa0940c-f837-4e48-98f7-ce541c70d0be,31243,2024-12-13 05:53:42,in-page,https://myfrontsite.com/search-products
ae4d01bf-bdc9-48b5-aee2-40df09686102,94405,2024-12-13 05:55:08,in-page,https://myfrontsite.com/contact
382e16c0-511b-4e2f-86c4-f6abc08d8835,86713,2024-12-13 05:55:52,in-page,https://myfrontsite.com/buy-product
b387cfb5-aa32-4f0b-b03f-4043b4585961,92512,2024-12-13 05:56:22,conversion,https://myfrontsite.com/display-product/2
96e05644-58d0-4e90-b329-60c8d9c546c6,96346,2024-12-13 05:57:55,conversion,https://myfrontsite.com/search-products
bd680a68-f8d5-47c2-acd2-3f229abc2341,19563,2024-12-13 05:59:30,in-page,https://myfrontsite.com/display-product/1
e45f1e3e-5ed8-4dba-b718-383b3087bf0c,32549,2024-12-13 06:00:25,start_session,https://myfrontsite.com/checkout
6f8663f6-66b2-478a-b96b-a8068bd5ce5c,30040,2024-12-13 06:02:10,conversion,https://myfrontsite.com/search-products
e6b58b23-5434-40e6-b989-acaac30314cb,61284,2024-12-13 06:03:55,conversion,https://myfrontsite.com/home
4f91278f-9400-463e-85d0-1ba45206f7d8,62972,2024-12-13 06:05:25,conversion,https://myfrontsite.com/home
ba8eeeb4-5fa9-4cff-ab6a-2350b3984cda,22850,2024-12-13 06:05:57,start_session,https://myfrontsite.com/checkout
8085f9ec-0427-4d48-8e4e-577726e8ccb6,30040,2024-12-13 06:06:16,conversion,https://myfrontsite.com/display-product/1
875c4300-ad59-4d56-a635-69a521f83e86,65429,2024-12-13 06:06:18,conversion,https://myfrontsite.com/search-products
a5eaae41-b0dc-4e7f-9c9b-8c97d5e66b1a,94405,2024-12-13 06:08:05,conversion,https://myfrontsite.com/contact
27dc0144-9675-421f-8723-054839f53df7,65429,2024-12-13 06:08:14,conversion,https://myfrontsite.com/buy-product
443e20ca-d96b-4d9f-97bb-68a71d600849,38252,2024-12-13 06:08:26,in-page,https://myfrontsite.com/display-product/1
c5fbbc00-4448-441a-b909-fb85eabd564a,96346,2024-12-13 06:09:32,in-page,https://myfrontsite.com/display-product/2
cebf7c12-e4c5-4e54-9d4d-52dad734ef3a,65429,2024-12-13 06:10:46,in-page,https://myfrontsite.com/contact
96ccb608-e146-4437-9aa4-11bc1754b06f,37016,2024-12-13 06:12:33,in-page,https://myfrontsite.com/checkout
eadceed9-f3b2-4751-aada-dae12eabd1fb,48986,2024-12-13 06:13:11,conversion,https://myfrontsite.com/display-product/1
a215af8b-41a1-4148-9ac7-6f0e665689fa,96346,2024-12-13 06:14:45,in-page,https://myfrontsite.com/display-product/2
0c360352-7b6b-4ec1-8a52-06503af9d992,86713,2024-12-13 06:15:09,conversion,https://myfrontsite.com/buy-product
4f9a13c3-6e5e-45f1-8338-47b4aa452507,37016,2024-12-13 06:15:20,end_session,https://myfrontsite.com/home
9cb07021-abb6-49e4-98c3-14fa73938c2e,96346,2024-12-13 06:17:02,conversion,https://myfrontsite.com/display-product/2
23427a13-34a3-4437-960a-ff73a7671742,32549,2024-12-13 06:18:11,in-page,https://myfrontsite.com/checkout
055363a4-426e-4e50-9003-6f4f017081d0,61284,2024-12-13 06:19:56,conversion,https://myfrontsite.com/display-product/1
ac89e45b-9409-48fb-94a0-b822e09d3bf5,47732,2024-12-13 06:20:24,conversion,https://myfrontsite.com/buy-product
a588d7b3-fe22-42a5-87a6-7090768be0b2,47732,2024-12-13 06:20:34,conversion,https://myfrontsite.com/search-products
81d110df-4dfa-43b3-97c0-2734e658e0e2,62972,2024-12-13 06:22:10,conversion,https://myfrontsite.com/home
a02af3b2-8638-4acd-8a01-3222266f64cc,38252,2024-12-13 06:23:43,in-page,https://myfrontsite.com/display-product/2
b0248e9d-7518-428a-82c0-dcadc565b985,62972,2024-12-13 06:24:16,conversion,https://myfrontsite.com/search-products
faa6fce2-3a17-4940-9da8-f0ffad6cfb35,61284,2024-12-13 06:26:07,in-page,https://myfrontsite.com/buy-product
49e0bec2-799d-4de4-b25c-290fc46fa77a,86713,2024-12-13 06:27:26,in-page,https://myfrontsite.com/contact
1ba70fb6-456b-4ece-b4a6-4f9115563f6d,86713,2024-12-13 06:27:44,conversion,https://myfrontsite.com/buy-product
0601c5c7-0637-4a66-b267-b71b4a3b174c,22850,2024-12-13 06:28:48,start_session,https://myfrontsite.com/display-product/2
ef45f315-842d-44fa-a3db-b2b2a579461a,86713,2024-12-13 06:30:38,in-page,https://myfrontsite.com/contact
3b6468a6-a942-417f-97f5-92b2d2471f0d,65429,2024-12-13 06:31:20,in-page,https://myfrontsite.com/checkout
252dfaf3-3d90-4b3d-8335-9aa2fcd4999f,16232,2024-12-13 06:33:07,in-page,https://myfrontsite.com/checkout
08738a71-caa5-4118-afe6-836d4805262d,66826,2024-12-13 06:33:52,conversion,https://myfrontsite.com/checkout
7f5fa7fb-1cd6-414c-a0ab-1b8f70f50aee,32549,2024-12-13 06:35:42,conversion,https://myfrontsite.com/checkout
49d62570-989b-468e-8b76-338791651b7f,15483,2024-12-13 06:35:52,start_session,https://myfrontsite.com/buy-product
dffd287c-8f94-44ad-a69a-90b8dfac28aa,30040,2024-12-13 06:35:55,start_session,https://myfrontsite.com/checkout
ee35c96f-0c88-4215-afff-8b0333aa145c,61284,2024-12-13 06:37:01,in-page,https://myfrontsite.com/display-product/1
0d85d744-2c3b-4aa6-85cd-eec249e1f195,38252,2024-12-13 06:38:59,in-page,https://myfrontsite.com/display-product/2
7a140e61-fb97-4d1d-9e4b-f66d9a1d1578,16232,2024-12-13 06:39:55,conversion,https://myfrontsite.com/contact
1b6716d7-e9ba-4e30-ae38-ec2caacdc918,65429,2024-12-13 06:41:50,start_session,https://myfrontsite.com/search-products
238f944c-fe87-4938-9d3f-d05f636232bc,86713,2024-12-13 06:43:03,in-page,https://myfrontsite.com/search-products
b32a1f22-3652-42c7-8855-f83ee854cf08,61284,2024-12-13 06:44:02,conversion,https://myfrontsite.com/search-products
62ab9b46-b0cc-49ef-830a-e17d884d4f8a,66826,2024-12-13 06:44:32,conversion,https://myfrontsite.com/display-product/1
750e89fc-cd6d-4783-a790-e00a9a899055,16232,2024-12-13 06:45:09,conversion,https://myfrontsite.com/display-product/2
66a06109-0118-4190-9cd0-bf1e339a2f05,68620,2024-12-13 06:45:37,conversion,https://myfrontsite.com/search-products
f06566e7-8d35-45e3-9458-e85a941b1049,38252,2024-12-13 06:46:52,conversion,https://myfrontsite.com/display-product/1
d3caec73-4793-403c-92c8-48f798f56249,19563,2024-12-13 06:47:36,in-page,https://myfrontsite.com/display-product/1
e10f9ec8-13cf-4219-8548-0ff48899c4a0,92512,2024-12-13 06:48:26,in-page,https://myfrontsite.com/home
61103ba5-0bc1-433a-adf1-c660a58ec558,37016,2024-12-13 06:48:36,conversion,https://myfrontsite.com/checkout
8f859c78-d71d-4dcc-af4a-974a20d25c08,31243,2024-12-13 06:49:16,in-page,https://myfrontsite.com/display-product/1
c02e4bec-509f-4a85-9f32-39bb746cd841,47732,2024-12-13 06:51:04,conversion,https://myfrontsite.com/contact
4bdf75d6-79a5-4c2b-add8-6e1c5c92af35,19563,2024-12-13 06:52:12,end_session,https://myfrontsite.com/checkout
6ddecca9-471f-4362-900e-0b423451ea42,16232,2024-12-13 06:53:31,conversion,https://myfrontsite.com/buy-product
a1579f4d-9e96-47d2-8911-fa113f0e0a94,47732,2024-12-13 06:53:32,in-page,https://myfrontsite.com/display-product/1
bd18d848-134b-4d7a-85f6-6360e2edb025,31243,2024-12-13 06:54:56,in-page,https://myfrontsite.com/contact
1487dbd9-cab7-463c-b932-0da83aa8e840,47732,2024-12-13 06:55:11,conversion,https://myfrontsite.com/checkout
26397b43-2a39-4d22-b84e-9540b6c32800,19563,2024-12-13 06:57:04,conversion,https://myfrontsite.com/buy-product
3678df82-7f3c-4337-a7d4-7217310afeee,37016,2024-12-13 06:58:32,start_session,https://myfrontsite.com/checkout
15db707d-7e0b-4152-b1c9-c07fa9463623,68620,2024-12-13 06:59:32,end_session,https://myfrontsite.com/checkout
70ee33e8-f2b1-4f5d-a72e-adc59ad0ca2c,22850,2024-12-13 07:00:47,conversion,https://myfrontsite.com/checkout
8c13efcb-9fb2-4571-a4c9-82ad3fc676f9,61284,2024-12-13 07:01:43,conversion,https://myfrontsite.com/home
f109c4cf-ab6d-4276-9d43-6715ff3ad13d,31243,2024-12-13 07:02:45,in-page,https://myfrontsite.com/checkout
00d3054d-693b-45ac-9e36-bc540afa8812,65429,2024-12-13 07:03:51,conversion,https://myfrontsite.com/display-product/2
73ffb5f2-49dd-488f-ac38-8f5ffe5f5c05,96346,2024-12-13 07:05:19,conversion,https://myfrontsite.com/checkout
e3123250-8e0e-4ae3-8dd7-f425fb9f6c8c,47732,2024-12-13 07:06:56,in-page,https://myfrontsite.com/search-products
61ba4521-68ea-4d17-bfc9-00bd793bb750,94405,2024-12-13 07:08:05,conversion,https://myfrontsite.com/checkout
1e9181df-acd4-46ea-9bed-692301c0b049,66826,2024-12-13 07:08:46,end_session,https://myfrontsite.com/search-products
2688b559-efda-4f21-87a8-3679e80b7f77,32549,2024-12-13 07:09:34,end_session,https://myfrontsite.com/contact
742259d9-08fa-4d9e-b145-8b60cc4f38fc,48986,2024-12-13 07:10:22,start_session,https://myfrontsite.com/display-product/2
83addb16-4035-4bba-b2af-66b33fb0d883,38252,2024-12-13 07:12:11,in-page,https://myfrontsite.com/checkout
e516fb8c-69b2-4ec7-8fd1-2287674a247a,66826,2024-12-13 07:12:26,in-page,https://myfrontsite.com/home
bb04ed8d-c2bc-47b6-ab7d-d6ca29def011,65429,2024-12-13 07:13:01,in-page,https://myfrontsite.com/display-product/2
040db9e3-bde0-43be-a17e-1bbc04fca6e7,22850,2024-12-13 07:13:18,start_session,https://myfrontsite.com/home
2791f212-cb70-4467-a5cf-0b0a2b919d8e,37016,2024-12-13 07:14:04,conversion,https://myfrontsite.com/contact
82e8d955-4901-4ab0-b9f4-abea0fb27d3b,22850,2024-12-13 07:14:19,conversion,https://myfrontsite.com/checkout
28495ca5-7d29-42c2-8f42-b053d19ae026,22850,2024-12-13 07:15:42,end_session,https://myfrontsite.com/display-product/1
fc1ad9d0-d723-45f9-a629-6c05251c3db9,32549,2024-12-13 07:16:38,conversion,https://myfrontsite.com/display-product/1
bfae7dae-a390-41a6-abd6-7a549369ceb2,22850,2024-12-13 07:18:01,in-page,https://myfrontsite.com/buy-product
95c2a067-21bc-4cb3-9fc9-c1bd934ad737,62972,2024-12-13 07:19:33,in-page,https://myfrontsite.com/contact
7030afa6-b378-4778-a4bf-d2c3b283a8ab,37016,2024-12-13 07:20:02,start_session,https://myfrontsite.com/buy-product
3ccb4381-b103-4ed2-a6ca-d25210ef980e,47732,2024-12-13 07:20:52,start_session,https://myfrontsite.com/display-product/1
9e0779cb-3974-4674-aa07-32a9a09f6c28,94405,2024-12-13 07:22:47,conversion,https://myfrontsite.com/contact
a21e663f-4e5f-403a-895c-329a97cd942e,37016,2024-12-13 07:24:33,in-page,https://myfrontsite.com/display-product/1
4e846391-ef0e-4575-b783-323af1d7e749,96346,2024-12-13 07:24:39,conversion,https://myfrontsite.com/contact
99151c36-5f66-42fd-9a04-f3340fcc9f2d,48986,2024-12-13 07:26:22,in-page,https://myfrontsite.com/checkout
8a760646-27e4-4328-afc7-18ac316f0b87,31243,2024-12-13 07:27:13,in-page,https://myfrontsite.com/buy-product
caa8e608-9ae5-46e9-8c84-7cf5323a3403,16232,2024-12-13 07:28:27,end_session,https://myfrontsite.com/checkout
a42d7bf0-ad2f-49d1-9056-ecc6bc81819a,92512,2024-12-13 07:29:15,conversion,https://myfrontsite.com/home
cebf04c8-9b16-4b37-bb32-a1150f8e404a,38252,2024-12-13 07:30:31,conversion,https://myfrontsite.com/home
89fe15ec-cd61-45c3-8920-ccb31288b1c9,96346,2024-12-13 07:31:45,start_session,https://myfrontsite.com/contact
ab120b6a-a96b-40c5-9a44-62d2fb62a0fa,96346,2024-12-13 07:31:49,conversion,https://myfrontsite.com/display-product/2
3b28393a-55e1-44f4-84dd-974efba38761,22850,2024-12-13 07:32:22,in-page,https://myfrontsite.com/checkout
4d69e6c8-b475-4a19-96ae-882a53a826d6,38252,2024-12-13 07:34:13,in-page,https://myfrontsite.com/display-product/1
e3d82226-8f5f-48c0-986a-ee260af3d5ac,30040,2024-12-13 07:35:40,conversion,https://myfrontsite.com/display-product/2
a7492e12-bbc7-4646-9152-6c6dd42a3f36,32549,2024-12-13 07:37:02,conversion,https://myfrontsite.com/home
05506683-c5fe-40ae-8283-c0a7c4cc6961,37016,2024-12-13 07:38:33,in-page,https://myfrontsite.com/checkout
61932f48-8fbe-44b6-8caf-f15634c2d719,30040,2024-12-13 07:38:49,conversion,https://myfrontsite.com/checkout
ecd8582c-13dc-4eff-a119-0a3cf08eee8d,94405,2024-12-13 07:39:52,in-page,https://myfrontsite.com/display-product/2
ef2bb50f-6672-4313-8ea4-96928c4497ae,19563,2024-12-13 07:41:50,conversion,https://myfrontsite.com/buy-product
c0874811-5c41-4737-b609-0b6d6c452a6b,30040,2024-12-13 07:42:44,conversion,https://myfrontsite.com/home
c556786e-06f7-4f7f-8e0f-5863fc6550f7,38252,2024-12-13 07:43:55,end_session,https://myfrontsite.com/display-product/2
6b477f4b-3186-4dec-83f0-9b6e73493b14,92512,2024-12-13 07:45:51,in-page,https://myfrontsite.com/display-product/1
c37b6a96-e291-4bf2-8f78-8022ee5262b5,19563,2024-12-13 07:47:13,in-page,https://myfrontsite.com/display-product/1
9e35616c-b160-4c4f-b6c4-3f2eb9842539,19563,2024-12-13 07:48:06,in-page,https://myfrontsite.com/display-product/2
d9e731b3-059e-4669-91d7-337fa0bc5657,62972,2024-12-13 07:48:18,conversion,https://myfrontsite.com/display-product/2
50238356-3bdc-4db4-8067-ae4bb16cef64,92512,2024-12-13 07:49:08,in-page,https://myfrontsite.com/home
6edb83f8-1367-4954-b047-590a7eccde2d,37016,2024-12-13 07:50:26,conversion,https://myfrontsite.com/buy-product
84ef6fff-1dca-4fbc-b300-dc94d37e9a39,62972,2024-12-13 07:50:50,conversion,https://myfrontsite.com/buy-product
10cc9ea8-ddbe-4f19-af30-1166f4a930a5,65429,2024-12-13 07:51:48,in-page,https://myfrontsite.com/display-product/1
99387309-ed91-4eec-bd69-8a772c53c2aa,48986,2024-12-13 07:53:36,in-page,https://myfrontsite.com/home
bfac8816-8583-44b5-afdd-d7ef6bcb41b4,68620,2024-12-13 07:55:14,conversion,https://myfrontsite.com/search-products
1df9681f-c178-4f8e-8567-9dd1749b03b0,92512,2024-12-13 07:55:59,conversion,https://myfrontsite.com/home
df5affdd-56b7-4a36-890b-a38506e67ffa,66826,2024-12-13 07:57:48,conversion,https://myfrontsite.com/search-products
c209edd1-6a47-4d10-a09d-d9bfb23bb2c8,48986,2024-12-13 07:58:40,in-page,https://myfrontsite.com/contact
926c9088-4f3c-4665-9a5f-c8cae76476e7,16232,2024-12-13 07:59:56,conversion,https://myfrontsite.com/display-product/1
aaddea1c-7ada-43ae-9629-f3003ee062c6,15483,2024-12-13 08:00:12,in-page,https://myfrontsite.com/contact
c3a41e83-ff1f-4f58-a848-8d09060d02c1,19563,2024-12-13 08:02:00,in-page,https://myfrontsite.com/checkout
544ffd53-0a6b-4cfe-8547-1737698b1035,94405,2024-12-13 08:02:44,in-page,https://myfrontsite.com/display-product/1
52f8cefc-55ba-49a8-8859-53e0dd126e0b,96346,2024-12-13 08:04:02,in-page,https://myfrontsite.com/display-product/1
537373f2-7bd6-4714-b4d0-3e2a1b2143ba,96346,2024-12-13 08:05:23,conversion,https://myfrontsite.com/display-product/2
4cb2ee1c-eaa9-4f7b-9cbb-f7041f78e212,96346,2024-12-13 08:07:07,in-page,https://myfrontsite.com/home
bea94946-4789-48f3-93c2-eff5504a4831,38252,2024-12-13 08:08:32,in-page,https://myfrontsite.com/home
e8889a85-6897-46f3-82b3-a70c4e72c49f,22850,2024-12-13 08:08:48,end_session,https://myfrontsite.com/contact
2db2c10e-ec99-4884-8485-ab0baecbe8bd,22850,2024-12-13 08:08:56,in-page,https://myfrontsite.com/checkout
b76d4030-45c6-4dae-baff-be313e902ecd,65429,2024-12-13 08:10:29,start_session,https://myfrontsite.com/contact
8ea8ec83-4c60-4922-8cbf-e19d175c05ef,94405,2024-12-13 08:10:58,conversion,https://myfrontsite.com/search-products
3b9ad8e7-b361-4ba6-9a5d-36a608040dea,31243,2024-12-13 08:12:39,in-page,https://myfrontsite.com/search-products
5377d9af-3b66-4544-a657-cc3da6d3fed9,47732,2024-12-13 08:12:40,conversion,https://myfrontsite.com/home
09c5b3b2-ebf5-4503-8bb4-60907d97ac16,92512,2024-12-13 08:14:06,in-page,https://myfrontsite.com/display-product/2
5fcd4252-2092-43b2-bafa-33c9b9cc4302,62972,2024-12-13 08:14:56,conversion,https://myfrontsite.com/search-products
021b48f5-a456-4184-a71d-7d98b0809343,61284,2024-12-13 08:15:56,in-page,https://myfrontsite.com/buy-product
3d5a318b-6ede-48ed-91bc-d92e3257572d,30040,2024-12-13 08:17:21,start_session,https://myfrontsite.com/display-product/1
ed4d2ae5-d31c-4fbc-ad01-6c09efd38293,38252,2024-12-13 08:18:04,conversion,https://myfrontsite.com/contact
f41db535-2fdc-4489-ae64-2117f16067ac,32549,2024-12-13 08:19:17,in-page,https://myfrontsite.com/search-products
